system,file,numeric_fragments,recognized,claims
before,000506_2023年年度报告更正后.pdf,1337,24,38
before,000615_奥园美谷科技股份有限公司2023年年度报告更正后.pdf,1343,22,22
before,000930_2023年年度报告更正后.pdf,1352,18,19
before,002097_2020年年度报告全文更新后.pdf,1093,37,51
before,002097_2021年年度报告全文更新后.pdf,1245,17,26
before,002097_2022年年度报告更新后.pdf,1401,17,23
before,002097_2023年年度报告全文更新后.pdf,1251,18,25
before,002388_2023年年度报告更正后.pdf,1101,11,13
before,002413_2023年年度报告更新后.pdf,1296,38,45
before,002425_凯撒中国文化股份有限公司2021年年度报告更正后.pdf,1111,23,32
before,002425_凯撒中国文化股份有限公司2022年年度报告更正后.pdf,1209,19,26
before,002425_凯撒中国文化股份有限公司2023年年度报告更正后.pdf,1318,23,30
before,002569_2019年年度报告全文更正后.pdf,767,14,16
before,002569_2021年年度报告全文更正后.pdf,1255,17,20
before,002569_2021年年度报告全文补充更正后.pdf,1255,17,20
before,002569_2022年年度报告更正后.pdf,1323,36,40
before,002569_2022年年度报告补充更正后.pdf,1323,36,40
before,002569_2023年年度报告更正后.pdf,1158,16,19
before,002569_2023年年度报告补充更正后.pdf,1125,16,19
before,002598_2023年年度报告全文更新后.pdf,1106,21,44
before,002808_2019年年度报告更新后.pdf,971,54,70
before,002808_2020年年度报告更新后.pdf,925,49,66
before,002808_2021年年度报告更新后.pdf,985,48,71
before,002808_2022年年度报告更新后.pdf,1212,23,28
before,002808_2023年年度报告更新后.pdf,1249,13,16
before,002825_上海纳尔实业股份有限公司2023年年度报告更正后.pdf,1255,18,21
before,300149_2022年年度报告更新后.pdf,1261,36,38
before,300149_2023年年度报告更新后.pdf,1372,17,24
before,300632_2022年年度报告更正后.pdf,1372,41,61
before,300632_2023年年度报告更正后.pdf,1331,53,80
before,600080_金花企业集团股份有限公司2023年年度报告更正版.pdf,1519,46,57
before,600165_ST宁科2022年年度报告2024年12月修订.pdf,1019,23,29
before,600165_ST宁科2023年年度报告2024年12月修订.pdf,1053,34,42
before,600187_2023年年度报告修订版.pdf,1280,21,25
before,603839_安正时尚集团股份有限公司2023年年度报告更正后.pdf,1312,52,70
before,688152_麒麟信安2023年年度报告摘要更正后.pdf,214,9,11
before,688152_麒麟信安2023年年度报告更正后.pdf,679,35,49
before,688516_无锡奥特维科技股份有限公司2024年半年度报告英文版.pdf,972,0,0
before,836263_2023年年度报告更正后.pdf,1048,50,99
before,873576_2023年年度报告更正后.pdf,1004,27,37
after,000506_2023年年度报告更正后.pdf,1337,29,49
after,000615_奥园美谷科技股份有限公司2023年年度报告更正后.pdf,1343,22,22
after,000930_2023年年度报告更正后.pdf,1352,23,23
after,002097_2020年年度报告全文更新后.pdf,1093,38,52
after,002097_2021年年度报告全文更新后.pdf,1245,17,26
after,002097_2022年年度报告更新后.pdf,1401,18,24
after,002097_2023年年度报告全文更新后.pdf,1251,18,25
after,002388_2023年年度报告更正后.pdf,1101,13,15
after,002413_2023年年度报告更新后.pdf,1296,38,47
after,002425_凯撒中国文化股份有限公司2021年年度报告更正后.pdf,1111,23,33
after,002425_凯撒中国文化股份有限公司2022年年度报告更正后.pdf,1209,19,30
after,002425_凯撒中国文化股份有限公司2023年年度报告更正后.pdf,1318,23,32
after,002569_2019年年度报告全文更正后.pdf,767,21,24
after,002569_2021年年度报告全文更正后.pdf,1255,29,38
after,002569_2021年年度报告全文补充更正后.pdf,1255,29,38
after,002569_2022年年度报告更正后.pdf,1323,43,48
after,002569_2022年年度报告补充更正后.pdf,1323,43,48
after,002569_2023年年度报告更正后.pdf,1158,22,25
after,002569_2023年年度报告补充更正后.pdf,1125,22,25
after,002598_2023年年度报告全文更新后.pdf,1106,24,48
after,002808_2019年年度报告更新后.pdf,971,78,98
after,002808_2020年年度报告更新后.pdf,925,66,88
after,002808_2021年年度报告更新后.pdf,985,55,82
after,002808_2022年年度报告更新后.pdf,1212,28,38
after,002808_2023年年度报告更新后.pdf,1249,18,22
after,002825_上海纳尔实业股份有限公司2023年年度报告更正后.pdf,1255,20,23
after,300149_2022年年度报告更新后.pdf,1261,36,38
after,300149_2023年年度报告更新后.pdf,1372,17,25
after,300632_2022年年度报告更正后.pdf,1372,44,66
after,300632_2023年年度报告更正后.pdf,1331,57,86
after,600080_金花企业集团股份有限公司2023年年度报告更正版.pdf,1519,49,70
after,600165_ST宁科2022年年度报告2024年12月修订.pdf,1019,25,32
after,600165_ST宁科2023年年度报告2024年12月修订.pdf,1053,36,46
after,600187_2023年年度报告修订版.pdf,1280,26,28
after,603839_安正时尚集团股份有限公司2023年年度报告更正后.pdf,1312,52,68
after,688152_麒麟信安2023年年度报告摘要更正后.pdf,214,10,12
after,688152_麒麟信安2023年年度报告更正后.pdf,679,38,53
after,688516_无锡奥特维科技股份有限公司2024年半年度报告英文版.pdf,972,0,0
after,836263_2023年年度报告更正后.pdf,1048,52,108
after,873576_2023年年度报告更正后.pdf,1004,47,55
