review_id,task_type,task_label,claim_text,company,source_claim_id,source_file_hint,candidate_count,expected_source_count,manual_source_ids,manual_abstain,manual_note
SR-001,quote_本期,本期单值,请核对公司本期披露的营业收入对应的事实来源。,603898,603898-22-营业收入-growth,答辩评测\annual_reports_final,12,1,,,
SR-002,quote_本期,本期单值,请核对公司报告期内研发费用对应的事实来源。,688118,688118-32-研发费用-growth,答辩评测\annual_reports_final,19,1,,,
SR-003,quote_本期,本期单值,请核对公司本报告期经营活动产生的现金流量净额对应的事实来源。,605158,605158-13-经营活动产生的现金流量净额-growth,答辩评测\annual_reports_final,8,1,,,
SR-004,quote_本期,本期单值,请核对公司本报告期财务费用对应的事实来源。,600744,600744-9-财务费用-growth,答辩评测\annual_reports_final,18,1,,,
SR-005,quote_本期,本期单值,请核对公司报告期内营业收入对应的事实来源。,603876,603876-7-营业收入-growth,答辩评测\annual_reports_final,8,1,,,
SR-006,quote_本期,本期单值,请核对公司报告期内营业收入对应的事实来源。,605166,605166-15-营业收入-growth,答辩评测\annual_reports_final,3,1,,,
SR-007,quote_本期,本期单值,请核对公司报告期内营业收入（元）对应的事实来源。,301298,301298-7-营业收入（元）-growth,答辩评测\annual_reports_final,9,1,,,
SR-008,quote_本期,本期单值,请核对公司本期披露的营业收入对应的事实来源。,603818,603818-5-营业收入-growth,答辩评测\annual_reports_final,10,1,,,
SR-009,quote_本期,本期单值,请核对公司本报告期归属于上市公司股东的净利润对应的事实来源。,688193,688193-8-归属于上市公司股东的净利润-growth,答辩评测\annual_reports_final,8,1,,,
SR-010,quote_本期,本期单值,请核对公司本期披露的筹资活动现金流入小计对应的事实来源。,301388,301388-23-筹资活动现金流入小计-growth,答辩评测\annual_reports_final,13,1,,,
SR-011,quote_本期,本期单值,请核对公司报告期内营业收入对应的事实来源。,600833,600833-6-营业收入-growth,答辩评测\annual_reports_final,11,1,,,
SR-012,quote_本期,本期单值,请核对公司本报告期营业收入对应的事实来源。,600792,600792-14-营业收入-growth,答辩评测\annual_reports_final,11,1,,,
SR-013,quote_本期,本期单值,请核对公司本报告期归属于上市公司股东的净资产对应的事实来源。,601222,601222-9-归属于上市公司股东的净资产-growth,答辩评测\annual_reports_final,15,1,,,
SR-014,quote_本期,本期单值,请核对公司报告期内营业成本对应的事实来源。,603345,603345-15-营业成本-growth,答辩评测\annual_reports_final,16,1,,,
SR-015,quote_本期,本期单值,请核对公司报告期内货币资金对应的事实来源。,600533,600533-14-货币资金-quote,答辩评测\annual_reports_final,20,1,,,
SR-016,quote_本期,本期单值,请核对公司本期披露的营业收入对应的事实来源。,603948,603948-11-营业收入-growth,答辩评测\annual_reports_final,11,1,,,
SR-017,quote_本期,本期单值,请核对公司本报告期营业成本对应的事实来源。,688435,688435-32-营业成本-growth,答辩评测\annual_reports_final,16,1,,,
SR-018,quote_本期,本期单值,请核对公司本期披露的管理费用对应的事实来源。,603637,603637-21-管理费用-growth,答辩评测\annual_reports_final,19,1,,,
SR-019,quote_本期,本期单值,请核对公司本报告期营业收入对应的事实来源。,000723,000723-16-营业收入-growth,答辩评测\annual_reports_final,8,1,,,
SR-020,quote_本期,本期单值,请核对公司本报告期投资性房地产对应的事实来源。,603032,603032-23-投资性房地产-quote,答辩评测\annual_reports_final,23,1,,,
SR-021,quote_本期,本期单值,请核对公司本期披露的经营活动产生的现金流量净额对应的事实来源。,600733,600733-14-经营活动产生的现金流量净额-growth,答辩评测\annual_reports_final,14,1,,,
SR-022,quote_本期,本期单值,请核对公司本期披露的归属于上市公司股东的净利润对应的事实来源。,600493,600493-6-归属于上市公司股东的净利润-quote,答辩评测\annual_reports_final,14,1,,,
SR-023,quote_本期,本期单值,请核对公司本报告期经营活动产生的现金对应的事实来源。,300892,300892-8-经营活动产生的现金-quote,答辩评测\annual_reports_final,7,1,,,
SR-024,quote_本期,本期单值,请核对公司本期披露的经营活动产生的现金流量净额对应的事实来源。,601606,601606-14-经营活动产生的现金流量净额-quote,答辩评测\annual_reports_final,15,1,,,
SR-025,quote_本期,本期单值,请核对公司报告期内营业收入（元）对应的事实来源。,300347,300347-9-营业收入（元）-growth,答辩评测\annual_reports_final,6,1,,,
SR-026,quote_本期,本期单值,请核对公司本期披露的营业收入对应的事实来源。,603937,603937-6-营业收入-growth,答辩评测\annual_reports_final,21,1,,,
SR-027,quote_本期,本期单值,请核对公司本报告期营业成本对应的事实来源。,603172,603172-13-营业成本-quote,答辩评测\annual_reports_final,7,1,,,
SR-028,quote_本期,本期单值,请核对公司本报告期营业收入对应的事实来源。,688656,688656-9-营业收入-growth,答辩评测\annual_reports_final,8,1,,,
SR-029,quote_本期,本期单值,请核对公司本期披露的归属于上市公司股东的净利润对应的事实来源。,688058,688058-9-归属于上市公司股东的净利润-quote,答辩评测\annual_reports_final,7,1,,,
SR-030,quote_本期,本期单值,请核对公司本报告期经营活动产生的现金流量净额对应的事实来源。,600713,600713-16-经营活动产生的现金流量净额-quote,答辩评测\annual_reports_final,16,1,,,
SR-031,quote_本期,本期单值,请核对公司本报告期应收款项融资对应的事实来源。,688707,688707-29-应收款项融资-quote,答辩评测\annual_reports_final,23,1,,,
SR-032,quote_本期,本期单值,请核对公司本期披露的营业成本对应的事实来源。,688578,688578-38-营业成本-quote,答辩评测\annual_reports_final,14,1,,,
SR-033,quote_本期,本期单值,请核对公司报告期内营业收入对应的事实来源。,601083,601083-7-营业收入-growth,答辩评测\annual_reports_final,12,1,,,
SR-034,quote_本期,本期单值,请核对公司报告期内交易性金融资产对应的事实来源。,603383,603383-17-交易性金融资产-quote,答辩评测\annual_reports_final,10,1,,,
SR-035,quote_本期,本期单值,请核对公司报告期内营业收入对应的事实来源。,603257,603257-6-营业收入-growth,答辩评测\annual_reports_final,13,1,,,
SR-036,quote_本期,本期单值,请核对公司本报告期归属于上市公司股东的净资产对应的事实来源。,600722,600722-5-归属于上市公司股东的净资产-quote,答辩评测\annual_reports_final,15,1,,,
SR-037,quote_本期,本期单值,请核对公司本报告期营业收入对应的事实来源。,688068,688068-8-营业收入-growth,答辩评测\annual_reports_final,11,1,,,
SR-038,quote_本期,本期单值,请核对公司本期披露的本科对应的事实来源。,001331,001331-22-本科-quote,答辩评测\annual_reports_final,7,1,,,
SR-039,quote_本期,本期单值,请核对公司本期披露的管理费用对应的事实来源。,603698,603698-19-管理费用-growth,答辩评测\annual_reports_final,34,1,,,
SR-040,quote_本期,本期单值,请核对公司本报告期归属于上市公司股东的净利润对应的事实来源。,605179,605179-5-归属于上市公司股东的净利润-growth,答辩评测\annual_reports_final,7,1,,,
SR-041,quote_本期,本期单值,请核对公司本期披露的营业收入对应的事实来源。,603983,603983-13-营业收入-growth,答辩评测\annual_reports_final,14,1,,,
SR-042,quote_本期,本期单值,请核对公司报告期内原煤产量（万吨）对应的事实来源。,600256,600256-21-原煤产量（万吨）-growth,答辩评测\annual_reports_final,4,1,,,
SR-043,quote_本期,本期单值,请核对公司本期披露的营业收入对应的事实来源。,688095,688095-41-营业收入-growth,答辩评测\annual_reports_final,13,1,,,
SR-044,quote_本期,本期单值,请核对公司报告期内投资活动产生的现金流量净额对应的事实来源。,600727,600727-17-投资活动产生的现金流量净额-growth,答辩评测\annual_reports_final,18,1,,,
SR-045,quote_本期,本期单值,请核对公司本报告期营业收入对应的事实来源。,601555,601555-21-营业收入-growth,答辩评测\annual_reports_final,11,1,,,
SR-046,quote_本期,本期单值,请核对公司报告期内营业收入对应的事实来源。,603959,603959-41-营业收入-growth,答辩评测\annual_reports_final,13,1,,,
SR-047,quote_本期,本期单值,请核对公司报告期内营业成本对应的事实来源。,603650,603650-18-营业成本-quote,答辩评测\annual_reports_final,11,1,,,
SR-048,quote_本期,本期单值,请核对公司本报告期营业收入对应的事实来源。,603194,603194-7-营业收入-growth,答辩评测\annual_reports_final,8,1,,,
SR-049,quote_本期,本期单值,请核对公司本期披露的归属于上市公司股东的净利润对应的事实来源。,688660,688660-7-归属于上市公司股东的净利润-growth,答辩评测\annual_reports_final,15,1,,,
SR-050,quote_本期,本期单值,请核对公司本报告期筹资活动产生的现金流量净额对应的事实来源。,601108,601108-40-筹资活动产生的现金流量净额-quote,答辩评测\annual_reports_final,16,1,,,
SR-051,quote_上期,上期单值,请核对公司上一报告期投资活动产生的现金流量净额对应的事实来源。,601619,601619-12-投资活动产生的现金流量净额-growth,答辩评测\annual_reports_final,4,1,,,
SR-052,quote_上期,上期单值,请核对公司上一报告期现金及现金等价物净增加额对应的事实来源。,301388,301388-23-现金及现金等价物净增加额-growth,答辩评测\annual_reports_final,3,1,,,
SR-053,quote_上期,上期单值,请核对公司上期披露的投资活动产生的现金流量净额对应的事实来源。,600727,600727-17-投资活动产生的现金流量净额-growth,答辩评测\annual_reports_final,5,1,,,
SR-054,quote_上期,上期单值,请核对公司上一报告期营业收入对应的事实来源。,688660,688660-35-营业收入-growth,答辩评测\annual_reports_final,5,1,,,
SR-055,quote_上期,上期单值,请核对公司上一报告期管理费用对应的事实来源。,601606,601606-14-管理费用-growth,答辩评测\annual_reports_final,7,1,,,
SR-056,quote_上期,上期单值,请核对公司上一报告期营业收入对应的事实来源。,601607,601607-26-营业收入-growth,答辩评测\annual_reports_final,7,1,,,
SR-057,quote_上期,上期单值,请核对公司上一报告期研发费用对应的事实来源。,688226,688226-32-研发费用-growth,答辩评测\annual_reports_final,3,1,,,
SR-058,quote_上期,上期单值,请核对公司上一报告期管理费用对应的事实来源。,603698,603698-14-管理费用-growth,答辩评测\annual_reports_final,19,1,,,
SR-059,quote_上期,上期单值,请核对公司上年同期归属于上市公司股东的净利润对应的事实来源。,600468,600468-5-归属于上市公司股东的净利润-growth,答辩评测\annual_reports_final,5,1,,,
SR-060,quote_上期,上期单值,请核对公司上一报告期筹资活动产生的现金流量净额对应的事实来源。,601669,601669-17-筹资活动产生的现金流量净额-growth,答辩评测\annual_reports_final,6,1,,,
SR-061,quote_上期,上期单值,请核对公司上年同期营业收入对应的事实来源。,603876,603876-7-营业收入-growth,答辩评测\annual_reports_final,3,1,,,
SR-062,quote_上期,上期单值,请核对公司上年同期资产总额（元）对应的事实来源。,301298,301298-7-资产总额（元）-growth,答辩评测\annual_reports_final,4,1,,,
SR-063,quote_上期,上期单值,请核对公司上期披露的营业成本对应的事实来源。,688219,688219-33-营业成本-growth,答辩评测\annual_reports_final,3,1,,,
SR-064,quote_上期,上期单值,请核对公司上期披露的归属于上市公司股东的净利润对应的事实来源。,688657,688657-43-归属于上市公司股东的净利润-growth,答辩评测\annual_reports_final,4,1,,,
SR-065,quote_上期,上期单值,请核对公司上年同期营业收入对应的事实来源。,600744,600744-9-营业收入-growth,答辩评测\annual_reports_final,6,1,,,
SR-066,quote_上期,上期单值,请核对公司上期披露的管理费用对应的事实来源。,603637,603637-21-管理费用-growth,答辩评测\annual_reports_final,6,1,,,
SR-067,quote_上期,上期单值,请核对公司上年同期营业收入对应的事实来源。,600733,600733-5-营业收入-growth,答辩评测\annual_reports_final,3,1,,,
SR-068,quote_上期,上期单值,请核对公司上期披露的归属于上市公司股东的净利润对应的事实来源。,688193,688193-8-归属于上市公司股东的净利润-growth,答辩评测\annual_reports_final,3,1,,,
SR-069,quote_上期,上期单值,请核对公司上期披露的营业收入对应的事实来源。,603050,603050-7-营业收入-growth,答辩评测\annual_reports_final,5,1,,,
SR-070,quote_上期,上期单值,请核对公司上期披露的营业收入对应的事实来源。,603257,603257-6-营业收入-growth,答辩评测\annual_reports_final,5,1,,,
SR-071,quote_上期,上期单值,请核对公司上一报告期公允价值变动收益对应的事实来源。,605338,605338-20-公允价值变动收益-growth,答辩评测\annual_reports_final,3,1,,,
SR-072,quote_上期,上期单值,请核对公司上年同期研发费用对应的事实来源。,603365,603365-24-研发费用-growth,答辩评测\annual_reports_final,8,1,,,
SR-073,quote_上期,上期单值,请核对公司上一报告期营业收入对应的事实来源。,600713,600713-13-营业收入-growth,答辩评测\annual_reports_final,5,1,,,
SR-074,quote_上期,上期单值,请核对公司上年同期营业收入对应的事实来源。,688588,688588-8-营业收入-growth,答辩评测\annual_reports_final,6,1,,,
SR-075,quote_上期,上期单值,请核对公司上一报告期归属于上市公司股东的净利润对应的事实来源。,600722,600722-5-归属于上市公司股东的净利润-growth,答辩评测\annual_reports_final,3,1,,,
SR-076,quote_上期,上期单值,请核对公司上期披露的营业收入对应的事实来源。,603937,603937-6-营业收入-growth,答辩评测\annual_reports_final,5,1,,,
SR-077,quote_上期,上期单值,请核对公司上一报告期经营活动产生的现金流量净额对应的事实来源。,603345,603345-15-经营活动产生的现金流量净额-growth,答辩评测\annual_reports_final,5,1,,,
SR-078,quote_上期,上期单值,请核对公司上一报告期归属于上市公司股东的净利润对应的事实来源。,601222,601222-9-归属于上市公司股东的净利润-growth,答辩评测\annual_reports_final,5,1,,,
SR-079,quote_上期,上期单值,请核对公司上一报告期归属于上市公司股东的扣除非经常性损益的净利润对应的事实来源。,603898,603898-6-归属于上市公司股东的扣除非经常性损益-growth,答辩评测\annual_reports_final,3,1,,,
SR-080,quote_上期,上期单值,请核对公司上期披露的营业收入对应的事实来源。,603813,603813-16-营业收入-growth,答辩评测\annual_reports_final,3,1,,,
SR-081,quote_上期,上期单值,请核对公司上一报告期营业收入对应的事实来源。,603032,603032-19-营业收入-growth,答辩评测\annual_reports_final,5,1,,,
SR-082,quote_上期,上期单值,请核对公司上一报告期营业收入对应的事实来源。,600833,600833-6-营业收入-growth,答辩评测\annual_reports_final,5,1,,,
SR-083,quote_上期,上期单值,请核对公司上一报告期归属于上市公司股东的净资产对应的事实来源。,600493,600493-6-归属于上市公司股东的净资产-growth,答辩评测\annual_reports_final,3,1,,,
SR-084,quote_上期,上期单值,请核对公司上年同期研发费用对应的事实来源。,688435,688435-32-研发费用-growth,答辩评测\annual_reports_final,6,1,,,
SR-085,quote_上期,上期单值,请核对公司上一报告期营业收入对应的事实来源。,688707,688707-25-营业收入-growth,答辩评测\annual_reports_final,6,1,,,
SR-086,quote_上期,上期单值,请核对公司上年同期归属于上市公司股东的净利润对应的事实来源。,605259,605259-6-归属于上市公司股东的净利润-growth,答辩评测\annual_reports_final,3,1,,,
SR-087,quote_上期,上期单值,请核对公司上期披露的营业收入对应的事实来源。,603790,603790-13-营业收入-growth,答辩评测\annual_reports_final,4,1,,,
SR-088,quote_上期,上期单值,请核对公司上年同期归属于上市公司股东的净利润对应的事实来源。,601083,601083-7-归属于上市公司股东的净利润-growth,答辩评测\annual_reports_final,3,1,,,
SR-089,quote_上期,上期单值,请核对公司上年同期销售费用对应的事实来源。,600300,600300-23-销售费用-growth,答辩评测\annual_reports_final,5,1,,,
SR-090,quote_上期,上期单值,请核对公司上期披露的负债总额对应的事实来源。,601108,601108-21-负债总额-growth,答辩评测\annual_reports_final,7,1,,,
SR-091,quote_上期,上期单值,请核对公司上一报告期营业成本对应的事实来源。,688068,688068-37-营业成本-growth,答辩评测\annual_reports_final,7,1,,,
SR-092,quote_上期,上期单值,请核对公司上一报告期归属于上市公司股东的扣除非经常性损益的净利润对应的事实来源。,688578,688578-11-归属于上市公司股东的扣除非经常性损益-growth,答辩评测\annual_reports_final,3,1,,,
SR-093,quote_上期,上期单值,请核对公司上年同期营业收入对应的事实来源。,605158,605158-13-营业收入-growth,答辩评测\annual_reports_final,3,1,,,
SR-094,quote_上期,上期单值,请核对公司上期披露的资产总额对应的事实来源。,601990,601990-18-资产总额-growth,答辩评测\annual_reports_final,6,1,,,
SR-095,quote_上期,上期单值,请核对公司上年同期归属于上市公司股东的扣除非经常性损益的净利润对应的事实来源。,688095,688095-8-归属于上市公司股东的扣除非经常性损益-growth,答辩评测\annual_reports_final,4,1,,,
SR-096,quote_上期,上期单值,请核对公司上期披露的归属于上市公司股东的扣除非经常性损益的净利润对应的事实来源。,688118,688118-8-归属于上市公司股东的扣除非经常性损益-growth,答辩评测\annual_reports_final,5,1,,,
SR-097,quote_上期,上期单值,请核对公司上一报告期营业收入对应的事实来源。,603681,603681-18-营业收入-growth,答辩评测\annual_reports_final,5,1,,,
SR-098,quote_上期,上期单值,请核对公司上一报告期营业收入对应的事实来源。,603322,603322-15-营业收入-growth,答辩评测\annual_reports_final,5,1,,,
SR-099,quote_上期,上期单值,请核对公司上期披露的营业成本对应的事实来源。,600533,600533-11-营业成本-growth,答辩评测\annual_reports_final,3,1,,,
SR-100,quote_上期,上期单值,请核对公司上年同期营业收入对应的事实来源。,605366,605366-14-营业收入-growth,答辩评测\annual_reports_final,5,1,,,
SR-101,growth_set,增长率双来源,"报告期内，公司实现营业收入人民币294,351.85 万元，较上年同期增长17.74%，再创历史",603650,603650-8-营业收入-growth,答辩评测\annual_reports_final,10,2,,,
SR-102,growth_set,增长率双来源,"实现归属于上市公司股东的净利润379,075,331.86 元，同比",603365,603365-6-归属于上市公司股东的净利润-growth,答辩评测\annual_reports_final,21,2,,,
SR-103,growth_set,增长率双来源,"公司发生营业成本40,059,897.32 元，较上年增长",688435,688435-32-营业成本-growth,答辩评测\annual_reports_final,19,2,,,
SR-104,growth_set,增长率双来源,"于上市公司股东的净利润16,461.59 万元，与上年同期相比增加7,054.11 万元，增幅达到74.98%",600727,600727-5-归属于上市公司股东的净利润-growth,答辩评测\annual_reports_final,21,2,,,
SR-105,growth_set,增长率双来源,实现营业收入74.61 亿元，同比上年的75.41 亿元，,600792,600792-14-营业收入-growth,答辩评测\annual_reports_final,11,2,,,
SR-106,growth_set,增长率双来源,"报告期内，公司实现营业收入3,011,965.13 万元，较上年同期3,555,565.00 万元，",600157,600157-21-营业收入-growth,答辩评测\annual_reports_final,8,2,,,
SR-107,growth_set,增长率双来源,"报告期内，公司实现营业收入56,221.57 万元，同比下降3.45%",603032,603032-19-营业收入-growth,答辩评测\annual_reports_final,23,2,,,
SR-108,growth_set,增长率双来源,"报告期内，公司实现营业收入61,075.72万元，较上年同期增长5.33%，剔除外币汇率波动对",688095,688095-41-营业收入-growth,答辩评测\annual_reports_final,15,2,,,
SR-109,growth_set,增长率双来源,报告期内，公司营业成本13.18 亿元，同比增长5.66%，,601990,601990-26-营业成本-growth,答辩评测\annual_reports_final,21,2,,,
SR-110,growth_set,增长率双来源,"研发实力，公司投入研发费用2,968.17 万元，占营业收入的6.44%，较上年同期增长10.45%",300823,300823-37-研发费用-growth,答辩评测\annual_reports_final,5,2,,,
SR-111,growth_set,增长率双来源,"应对挑战，全年实现营业收入34,207.47 万元，同比增长5.93%，整体经营保持平稳并呈现回升向",603813,603813-16-营业收入-growth,答辩评测\annual_reports_final,15,2,,,
SR-112,growth_set,增长率双来源,实现营业收入96.03 亿元，同比增加16.32%,600744,600744-9-营业收入-growth,答辩评测\annual_reports_final,18,2,,,
SR-113,growth_set,增长率双来源,"经营活动产生的现金流量净额48,633.84 万元，同比下降64.58%",605158,605158-13-经营活动产生的现金流量净额-growth,答辩评测\annual_reports_final,9,2,,,
SR-114,growth_set,增长率双来源,"显著增加了营销推广和市场开发投资力度，报告期内销售费用13,864.91 万元，同比增加",688118,688118-32-销售费用-growth,答辩评测\annual_reports_final,22,2,,,
SR-115,growth_set,增长率双来源,万吨，公司总资产约202.39 亿元，同比下降7.81%，归属于母公司股东权益约65.49 亿元，同比,603876,603876-7-总资产-growth,答辩评测\annual_reports_final,9,2,,,
SR-116,growth_set,增长率双来源,归属于上市公司股东的净利润22.92 亿元，同比增长,601108,601108-21-归属于母公司股东的净利润-growth,答辩评测\annual_reports_final,22,2,,,
SR-117,growth_set,增长率双来源,2023 年公司营业收入684.9 亿元，同比增加16.0%,000961,000961-7-营业收入（元）-growth,答辩评测\annual_reports_final,15,2,,,
SR-118,growth_set,增长率双来源,"其他业务实现营业收入9,069.10万元，同比增加",002688,002688-21-其他-growth,答辩评测\annual_reports_final,7,2,,,
SR-119,growth_set,增长率双来源,报告期内，公司实现营业收入28.79 亿元，比上年同期增长18.14%,605066,605066-22-营业收入-growth,答辩评测\annual_reports_final,8,2,,,
SR-120,growth_set,增长率双来源,"报告期内，公司实现营业收入603,702.04 万元，同比增长10.62%",605166,605166-15-营业收入-growth,答辩评测\annual_reports_final,3,2,,,
SR-121,growth_set,增长率双来源,营业成本40.35 亿元，同比减少,600533,600533-11-营业成本-growth,答辩评测\annual_reports_final,22,2,,,
SR-122,growth_set,增长率双来源,2023 年实现营业收入208.11 亿元，同比减少15.40%,000723,000723-16-营业收入-growth,答辩评测\annual_reports_final,8,2,,,
SR-123,growth_set,增长率双来源,"截止2021 年12 月31 日，公司总资产211,281.01 万元，较期初增加10.57%，总资产的增加",600493,600493-6-总资产-growth,答辩评测\annual_reports_final,16,2,,,
SR-124,growth_set,增长率双来源,"公司2021年度实现营业收入551,490.04万元，同比增长432.07%，营业收入增加的主要原因系：",688707,688707-8-营业收入-growth,答辩评测\annual_reports_final,25,2,,,
SR-125,growth_set,增长率双来源,"一、报告期内营业收入280,330.93万元，较上年同期增长21.85%",300347,300347-9-营业收入（元）-growth,答辩评测\annual_reports_final,6,2,,,
SR-126,growth_set,增长率双来源,"报告期内，公司发生管理费用34,789,571.47 元，比上年同期增加4.89%",603637,603637-21-管理费用-growth,答辩评测\annual_reports_final,23,2,,,
SR-127,growth_set,增长率双来源,"2023 年度，公司实现营业收入534,884.29 万元，同比增长3.27%",688219,688219-33-营业收入-growth,答辩评测\annual_reports_final,7,2,,,
SR-128,growth_set,增长率双来源,2023 年度，公司实现营业收入16.26 亿元，较上年同期增长0.46%,605259,605259-6-营业收入-growth,答辩评测\annual_reports_final,7,2,,,
SR-129,growth_set,增长率双来源,截至报告期末，归属于上市公司股东的净资产为154.87 亿元，同比增长4.74%，总,601222,601222-9-归属于上市公司股东的净资产-growth,答辩评测\annual_reports_final,18,2,,,
SR-130,growth_set,增长率双来源,报告期，公司实现营业收入38.01 亿元，同比上涨8.5%,600391,600391-5-营业收入-growth,答辩评测\annual_reports_final,13,2,,,
SR-131,growth_set,增长率双来源,"报告期内，公司实现营业收入136,647.75 万元，比上年同期增长2.13%",603937,603937-16-营业收入-growth,答辩评测\annual_reports_final,22,2,,,
SR-132,growth_set,增长率双来源,"市公司股东净利润23,326.12 万元，比上年同期增加40.49%",603383,603383-6-归属于上市公司股东的净利润-growth,答辩评测\annual_reports_final,12,2,,,
SR-133,growth_set,增长率双来源,"报告期内，公司实现营业收入53,513.26 万元，较上年同期增长6.27%，实现销售数量",603172,603172-13-营业收入-growth,答辩评测\annual_reports_final,8,2,,,
SR-134,growth_set,增长率双来源,报告期，公司实现营业收入40.28 亿元，较去年下降17%,603818,603818-16-营业收入-growth,答辩评测\annual_reports_final,10,2,,,
SR-135,growth_set,增长率双来源,"净资产198,068.90 万元，同比增长18.93%",603948,603948-5-归属于上市公司股东的净资产-growth,答辩评测\annual_reports_final,15,2,,,
SR-136,growth_set,增长率双来源,"实现归属于上市公司股东的净利润3,357.52 万元，同比下降32.14%",600722,600722-5-归属于上市公司股东的净利润-growth,答辩评测\annual_reports_final,17,2,,,
SR-137,growth_set,增长率双来源,"遇，实现营业收入82,759.03 万元，同比增长37.71%",688083,688083-47-营业收入-growth,答辩评测\annual_reports_final,8,2,,,
SR-138,growth_set,增长率双来源,"司股东的净利润14,355.63 万元，同比增长190.49%",600833,600833-6-归属于上市公司股东的净利润-growth,答辩评测\annual_reports_final,14,2,,,
SR-139,growth_set,增长率双来源,"报告期内，公司实现营业收入27,811.39 万元，较2022 年增加3,736.75 万元，",688657,688657-43-营业收入-growth,答辩评测\annual_reports_final,11,2,,,
SR-140,growth_set,增长率双来源,"管理费用变动原因说明：管理费用本期发生额为146,978,634.71 元，较上年同期增长8.61%，",603698,603698-19-管理费用-growth,答辩评测\annual_reports_final,49,2,,,
SR-141,growth_set,增长率双来源,2023 年度，公司实现营业收入101.14 亿元，较上年同期下降16.24%，归属于上市公司股东,688660,688660-7-营业收入-growth,答辩评测\annual_reports_final,14,2,,,
SR-142,growth_set,增长率双来源,"报告期内，公司实现营业收入447,296.00 万元，同比下降3.01%",688717,688717-40-营业收入-growth,答辩评测\annual_reports_final,12,2,,,
SR-143,growth_set,增长率双来源,报告期内，公司实现营业收入22.65 亿元，同比减少19.78%，归属于上市公司股东的净利润2.17,603898,603898-6-营业收入-growth,答辩评测\annual_reports_final,13,2,,,
SR-144,growth_set,增长率双来源,"上市公司股东的净利润82,723,583.09 元，同比下降63.66%，归属于上市公司股东的扣除非经",603681,603681-8-归属于上市公司股东的净利润-growth,答辩评测\annual_reports_final,13,2,,,
SR-145,growth_set,增长率双来源,"公司优化业务布局，持续加大对新产品的开发投入，本报告期，研发费用9,198.51 万元，较上期",688226,688226-32-研发费用-growth,答辩评测\annual_reports_final,10,2,,,
SR-146,growth_set,增长率双来源,"报告期内，公司实现营业收入121,682.79 万元，同比下降41.19%，其中实现工程咨询、设",603959,603959-8-营业收入-growth,答辩评测\annual_reports_final,13,2,,,
SR-147,growth_set,增长率双来源,"销售费用变动原因说明：报告期内，公司销售费用为17,115.36 万元，同比减少9,776.41 万",688068,688068-37-销售费用-growth,答辩评测\annual_reports_final,18,2,,,
SR-148,growth_set,增长率双来源,"（3）2023 年，公司筹资活动现金流入小计9,060.10 万元，同比下降88.32%，主要系主要系上期公司收到公开发行",301388,301388-23-筹资活动现金流入小计-growth,答辩评测\annual_reports_final,14,2,,,
SR-149,growth_set,增长率双来源,财务费用本年为585.68 万元，上年为933.19 万元，减少347.51 万元，主要是利息,600300,600300-23-财务费用-growth,答辩评测\annual_reports_final,18,2,,,
SR-150,growth_set,增长率双来源,"带来的巨大压力和挑战，全年实现营业收入1,123,334,693.30 元，较上年下降27%，实现归属于上市公司股东的净利润-",300892,300892-8-营业收入（元）-growth,答辩评测\annual_reports_final,8,2,,,
