claims,elapsed_seconds,extraction_version,file,growth_claims,numeric_sentences,pages_read,quote_claims,ranking_claims,recognition_rate,recognized_sentences,sentences,threshold_claims
125,0.243,6,000506_2023年年度报告更正后.pdf,13,5408,183,111,0,0.016272,88,13287,1
136,0.522,6,000615_奥园美谷科技股份有限公司2023年年度报告更正后.pdf,4,6386,183,123,0,0.017069,109,16116,9
74,0.433,6,000930_2023年年度报告更正后.pdf,13,5913,183,60,0,0.010654,63,16187,1
120,0.559,6,002097_2020年年度报告全文更新后.pdf,17,5939,179,98,0,0.016501,98,13727,5
80,0.586,6,002097_2021年年度报告全文更新后.pdf,13,5780,183,65,0,0.010727,62,13976,2
81,0.458,6,002097_2022年年度报告更新后.pdf,7,7053,148,68,0,0.010067,71,16454,6
78,0.55,6,002097_2023年年度报告全文更新后.pdf,10,6482,151,65,0,0.010491,68,17147,3
44,0.468,6,002388_2023年年度报告更正后.pdf,5,5735,183,38,0,0.006452,37,15237,1
199,0.512,6,002413_2023年年度报告更新后.pdf,5,7086,183,173,0,0.024555,174,16223,21
96,0.445,6,002425_凯撒中国文化股份有限公司2021年年度报告更正后.pdf,9,4937,183,81,0,0.015191,75,11975,6
71,0.431,6,002425_凯撒中国文化股份有限公司2022年年度报告更正后.pdf,10,5317,183,55,0,0.010156,54,13660,6
74,0.464,6,002425_凯撒中国文化股份有限公司2023年年度报告更正后.pdf,11,5630,183,59,0,0.010835,61,14252,4
67,0.489,6,002569_2019年年度报告全文更正后.pdf,10,4772,183,57,0,0.013202,63,12683,0
83,0.222,6,002569_2021年年度报告全文更正后.pdf,22,4884,183,58,0,0.013923,68,12960,3
83,0.47,6,002569_2021年年度报告全文补充更正后.pdf,22,4882,183,58,0,0.013929,68,12759,3
90,0.365,6,002569_2022年年度报告更正后.pdf,10,5055,183,77,0,0.015826,80,13650,3
90,0.483,6,002569_2022年年度报告补充更正后.pdf,10,5052,183,77,0,0.015835,80,13647,3
68,0.658,6,002569_2023年年度报告更正后.pdf,14,3917,183,50,0,0.016084,63,13937,4
68,0.672,6,002569_2023年年度报告补充更正后.pdf,14,3915,183,50,0,0.016092,63,14090,4
98,0.867,6,002598_2023年年度报告全文更新后.pdf,11,6885,181,75,0,0.00915,63,15523,12
165,0.749,6,002808_2019年年度报告更新后.pdf,28,3811,183,128,0,0.036211,138,10672,9
149,0.711,6,002808_2020年年度报告更新后.pdf,22,4174,183,117,0,0.02851,119,10991,10
151,0.655,6,002808_2021年年度报告更新后.pdf,13,4418,183,127,0,0.025351,112,11132,11
93,0.688,6,002808_2022年年度报告更新后.pdf,12,5301,177,74,0,0.014148,75,13479,7
74,0.73,6,002808_2023年年度报告更新后.pdf,7,5576,180,60,0,0.012195,68,13924,7
88,0.606,6,002825_上海纳尔实业股份有限公司2023年年度报告更正后.pdf,4,6687,183,78,0,0.010917,73,15390,6
100,0.795,6,300149_2022年年度报告更新后.pdf,6,6089,170,89,0,0.015438,94,14757,5
90,0.844,6,300149_2023年年度报告更新后.pdf,5,6792,183,80,0,0.011042,75,16370,5
148,0.694,6,300632_2022年年度报告更正后.pdf,20,6305,183,114,0,0.017922,113,15120,14
117,0.685,6,300632_2023年年度报告更正后.pdf,23,6872,183,89,0,0.012515,86,15582,5
105,0.686,6,600080_金花企业集团股份有限公司2023年年度报告更正版.pdf,23,6347,182,77,0,0.012762,81,15579,5
91,0.645,6,600165_ST宁科2022年年度报告2024年12月修订.pdf,9,5122,169,80,0,0.014838,76,13268,2
180,0.711,6,600165_ST宁科2023年年度报告2024年12月修订.pdf,8,5590,183,157,0,0.025939,145,14164,15
152,0.833,6,600187_2023年年度报告修订版.pdf,12,5461,183,132,0,0.025636,140,14888,8
113,0.575,6,603839_安正时尚集团股份有限公司2023年年度报告更正后.pdf,18,4519,183,90,0,0.019473,88,11222,5
29,0.082,6,688152_麒麟信安2023年年度报告摘要更正后.pdf,3,304,20,22,0,0.069079,21,993,4
87,0.556,6,688152_麒麟信安2023年年度报告更正后.pdf,16,3925,183,66,0,0.018089,71,13565,5
2,0.678,6,688516_无锡奥特维科技股份有限公司2024年半年度报告英文版.pdf,0,4908,183,2,0,0.000407,2,14274,0
174,0.506,6,836263_2023年年度报告更正后.pdf,12,4804,147,155,0,0.022273,107,11520,7
94,0.417,6,873576_2023年年度报告更正后.pdf,28,3965,141,60,0,0.019672,78,10016,6
