file,page,sentence_index,claim_index,text,kind,refs,issue,metric_like,safety_flags,review_label,confirmed_false
000506_2023年年度报告更正后.pdf,10,21,0,增长3%,growth,[],增长率的比较基准未明确，请确认同口径的两期来源,False,缺少指标语义词；需要来源确认；增长比较期间未明确,待人工标注,
000506_2023年年度报告更正后.pdf,10,21,1,金矿产量同比增长1%,growth,[],未唯一确定同口径的上期与本期数据，请确认关联,True,需要来源确认,待人工标注,
000506_2023年年度报告更正后.pdf,10,23,0,同比增长3%,growth,[],未唯一确定同口径的上期与本期数据，请确认关联,False,缺少指标语义词；需要来源确认,待人工标注,
000506_2023年年度报告更正后.pdf,10,25,0,收盘价479.59 元,quote,[],未找到唯一来源，需手动关联事实,False,缺少指标语义词；需要来源确认,待人工标注,
000506_2023年年度报告更正后.pdf,10,25,1,全年加权平均价格为449.05 元,quote,[],未找到唯一来源，需手动关联事实,False,缺少指标语义词；需要来源确认,待人工标注,
000506_2023年年度报告更正后.pdf,11,43,0,"公司总资产229,658.87 万元",quote,[],未找到唯一来源，需手动关联事实,True,需要来源确认,待人工标注,
000506_2023年年度报告更正后.pdf,11,43,1,比上年年末增长33.70%,growth,[],增长率的比较基准未明确，请确认同口径的两期来源,False,缺少指标语义词；需要来源确认；增长比较期间未明确,待人工标注,
000506_2023年年度报告更正后.pdf,11,45,0,"99,758.04 万元",quote,[],未找到唯一来源，需手动关联事实,False,缺少指标语义词；需要来源确认,待人工标注,
000506_2023年年度报告更正后.pdf,11,45,1,比上年年末减少4.59%,growth,[],增长率的比较基准未明确，请确认同口径的两期来源,False,缺少指标语义词；需要来源确认；增长比较期间未明确,待人工标注,
000506_2023年年度报告更正后.pdf,11,48,0,"公司股东的净资产67,344.72 万元",quote,[],未找到唯一来源，需手动关联事实,True,需要来源确认,待人工标注,
000506_2023年年度报告更正后.pdf,11,48,1,比上年年末增长4.85%,growth,[],增长率的比较基准未明确，请确认同口径的两期来源,False,缺少指标语义词；需要来源确认；增长比较期间未明确,待人工标注,
000506_2023年年度报告更正后.pdf,11,50,0,比上年同期增长2.61%,growth,[],增长率的比较基准未明确，请确认同口径的两期来源,False,缺少指标语义词；需要来源确认；增长比较期间未明确,待人工标注,
000506_2023年年度报告更正后.pdf,11,50,1,"实现营业利润1,025.09 万元",quote,[],未找到唯一来源，需手动关联事实,True,需要来源确认,待人工标注,
000506_2023年年度报告更正后.pdf,11,50,2,利润总额-762.99 万元,quote,[],未找到唯一来源，需手动关联事实,True,需要来源确认,待人工标注,
000506_2023年年度报告更正后.pdf,12,1,0,东的净利润667.17 万元,quote,[],未找到唯一来源，需手动关联事实,True,需要来源确认,待人工标注,
000506_2023年年度报告更正后.pdf,12,1,1,实现基本每股收益0.01 元,quote,[],未找到唯一来源，需手动关联事实,False,缺少指标语义词；需要来源确认,待人工标注,
000506_2023年年度报告更正后.pdf,12,1,2,比上年同期下降96.30%,growth,[],增长率的比较基准未明确，请确认同口径的两期来源,False,缺少指标语义词；需要来源确认；增长比较期间未明确,待人工标注,
000506_2023年年度报告更正后.pdf,12,3,0,2023 年投资收益较上年同期下降61.69%,growth,[],增长率的比较基准未明确，请确认同口径的两期来源,True,需要来源确认；增长比较期间未明确,待人工标注,
000506_2023年年度报告更正后.pdf,16,18,0,1、经营活动产生的现金流量净额比去年同期增加86.22%,growth,[],增长率的比较基准未明确，请确认同口径的两期来源,True,需要来源确认；增长比较期间未明确,待人工标注,
000506_2023年年度报告更正后.pdf,16,19,0,而经营活动现金流出较去年同期减少22.98%,growth,[],增长率的比较基准未明确，请确认同口径的两期来源,True,需要来源确认；增长比较期间未明确,待人工标注,
000506_2023年年度报告更正后.pdf,16,22,0,2、投资活动产生的现金流量净额比去年同期减少103.13%,growth,[],增长率的比较基准未明确，请确认同口径的两期来源,True,需要来源确认；增长比较期间未明确,待人工标注,
000506_2023年年度报告更正后.pdf,16,24,0,到股权及债权款3.57 亿元,quote,[],未找到唯一来源，需手动关联事实,False,缺少指标语义词；需要来源确认,待人工标注,
000506_2023年年度报告更正后.pdf,16,25,0,3、筹资活动产生的现金流量净额比去年同期增加110.96%,growth,[],增长率的比较基准未明确，请确认同口径的两期来源,True,需要来源确认；增长比较期间未明确,待人工标注,
000506_2023年年度报告更正后.pdf,16,29,0,本年度净利润为-705.26 万元,quote,[],未找到唯一来源，需手动关联事实,True,需要来源确认,待人工标注,
000506_2023年年度报告更正后.pdf,16,29,1,"经营活动产生的现金流量净额为-1,606.01 万元",quote,[],未找到唯一来源，需手动关联事实,True,需要来源确认,待人工标注,
000506_2023年年度报告更正后.pdf,16,30,0,用减值损失950.40 万元,quote,[],未找到唯一来源，需手动关联事实,False,缺少指标语义词；需要来源确认,待人工标注,
000506_2023年年度报告更正后.pdf,16,30,1,资产减值准备527.37 万元,quote,[],未找到唯一来源，需手动关联事实,True,需要来源确认,待人工标注,
000506_2023年年度报告更正后.pdf,16,30,2,"固定资产折旧7,933.68 万元",quote,[],未找到唯一来源，需手动关联事实,True,需要来源确认,待人工标注,
000506_2023年年度报告更正后.pdf,16,31,0,"1,214.81 万元",quote,[],未找到唯一来源，需手动关联事实,False,缺少指标语义词；需要来源确认,待人工标注,
000506_2023年年度报告更正后.pdf,16,31,1,使用权资产折旧312.23 万元,quote,[],未找到唯一来源，需手动关联事实,True,需要来源确认,待人工标注,
000506_2023年年度报告更正后.pdf,16,31,2,无形资产摊销727.15 万元,quote,[],未找到唯一来源，需手动关联事实,True,需要来源确认,待人工标注,
000506_2023年年度报告更正后.pdf,16,31,3,"财务费用3,948.68 万元",quote,[],未找到唯一来源，需手动关联事实,True,需要来源确认,待人工标注,
000506_2023年年度报告更正后.pdf,16,32,0,资收益1.58 亿元,quote,[],未找到唯一来源，需手动关联事实,False,缺少指标语义词；需要来源确认,待人工标注,
000506_2023年年度报告更正后.pdf,16,32,1,存货减少628.50 万元,quote,[],未找到唯一来源，需手动关联事实,False,缺少指标语义词；需要来源确认,待人工标注,
000506_2023年年度报告更正后.pdf,16,32,2,"经营性应收项目增加1,187.66 万元",quote,[],未找到唯一来源，需手动关联事实,False,缺少指标语义词；需要来源确认,待人工标注,
000506_2023年年度报告更正后.pdf,17,4,0,确认投资收益1.52 亿元,quote,[],未找到唯一来源，需手动关联事实,True,需要来源确认,待人工标注,
000506_2023年年度报告更正后.pdf,20,74,0,主要子公司及对公司净利润影响达10%,quote,[],未找到唯一来源，需手动关联事实,True,需要来源确认,待人工标注,
000506_2023年年度报告更正后.pdf,31,1,0,1、独立董事的津贴标准为：每人每年人民币18.00 万元,quote,[],未找到唯一来源，需手动关联事实,False,缺少指标语义词；需要来源确认,待人工标注,
000506_2023年年度报告更正后.pdf,31,3,0,2、非独立董事津贴标准为：每人每年人民币12.00 万元,quote,[],未找到唯一来源，需手动关联事实,False,缺少指标语义词；需要来源确认,待人工标注,
000506_2023年年度报告更正后.pdf,31,5,0,3、监事会主席为人民币8.4 万元,quote,[],未找到唯一来源，需手动关联事实,False,缺少指标语义词；需要来源确认,待人工标注,
000506_2023年年度报告更正后.pdf,31,5,1,监事津贴标准为6.0 万元,quote,[],未找到唯一来源，需手动关联事实,False,缺少指标语义词；需要来源确认,待人工标注,
000506_2023年年度报告更正后.pdf,40,12,0,2022 年1 月公司向李明吉（2008 年6 月至2021 年12 月任公司董事）提供财务资助10 万元,quote,[],未找到唯一来源，需手动关联事实,False,缺少指标语义词；需要来源确认,待人工标注,
000506_2023年年度报告更正后.pdf,41,6,0,"资源合并资产负债表的流动负债余额为人民币90,699.22 万元",quote,[],未找到唯一来源，需手动关联事实,True,需要来源确认,待人工标注,
000506_2023年年度报告更正后.pdf,41,6,1,"流动资产余额为人民币22,940.17 万元",quote,[],未找到唯一来源，需手动关联事实,True,需要来源确认,待人工标注,
000506_2023年年度报告更正后.pdf,41,7,0,"流动负债高于流动资产67,759.05 万元",quote,[],未找到唯一来源，需手动关联事实,True,需要来源确认,待人工标注,
000506_2023年年度报告更正后.pdf,41,7,1,"未分配利润金额为人民币-36,590.84 万元",quote,[],未找到唯一来源，需手动关联事实,True,需要来源确认,待人工标注,
000506_2023年年度报告更正后.pdf,42,40,0,年度审计费用合计为130 万元,quote,[],未找到唯一来源，需手动关联事实,True,需要来源确认,待人工标注,
000506_2023年年度报告更正后.pdf,43,36,0,"计到2018 年4 月     89,333.83 万元",quote,[],未找到唯一来源，需手动关联事实,False,缺少指标语义词；需要来源确认,待人工标注,
000506_2023年年度报告更正后.pdf,44,47,0,"1,524 万元",quote,[],未找到唯一来源，需手动关联事实,False,缺少指标语义词；需要来源确认,待人工标注,
000506_2023年年度报告更正后.pdf,46,37,0,"权转让款确定为32,300 万元",quote,[],未找到唯一来源，需手动关联事实,False,缺少指标语义词；需要来源确认,待人工标注,
000506_2023年年度报告更正后.pdf,46,37,1,"股权与债权转让款合计468,237,801.28 元",quote,[],未找到唯一来源，需手动关联事实,False,缺少指标语义词；需要来源确认,待人工标注,
000506_2023年年度报告更正后.pdf,47,34,0,"款确定为32,300 万元",quote,[],未找到唯一来源，需手动关联事实,False,缺少指标语义词；需要来源确认,待人工标注,
000506_2023年年度报告更正后.pdf,47,34,1,"股权与债权转让款合计468,237,801.28 元",quote,[],未找到唯一来源，需手动关联事实,False,缺少指标语义词；需要来源确认,待人工标注,
000506_2023年年度报告更正后.pdf,47,40,0,公司将收取的股权和债权对价合计为4.68 亿元,quote,[],未找到唯一来源，需手动关联事实,False,缺少指标语义词；需要来源确认,待人工标注,
000506_2023年年度报告更正后.pdf,47,43,0,"7 个工作日内支付人民币1,500 万元",quote,[],未找到唯一来源，需手动关联事实,False,缺少指标语义词；需要来源确认,待人工标注,
000506_2023年年度报告更正后.pdf,48,2,0,"作日内支付人民币17,000 万元",quote,[],未找到唯一来源，需手动关联事实,False,缺少指标语义词；需要来源确认,待人工标注,
000506_2023年年度报告更正后.pdf,48,4,0,"围内之日起7 个工作日内支付人民币3,800 万元",quote,[],未找到唯一来源，需手动关联事实,False,缺少指标语义词；需要来源确认,待人工标注,
000506_2023年年度报告更正后.pdf,48,6,0,"权人民币14,523.78 万元",quote,[],未找到唯一来源，需手动关联事实,False,缺少指标语义词；需要来源确认,待人工标注,
000506_2023年年度报告更正后.pdf,48,8,0,"不在获批准的四川省生态红线范围内之日起7 个工作日内支付人民币10,000.00 万元",quote,[],未找到唯一来源，需手动关联事实,False,缺少指标语义词；需要来源确认,待人工标注,
000506_2023年年度报告更正后.pdf,48,10,0,"收到股权转让款和债权转让款36,823.78 万元",quote,[],未找到唯一来源，需手动关联事实,False,缺少指标语义词；需要来源确认,待人工标注,
000506_2023年年度报告更正后.pdf,48,24,0,"值合计为69,907.16 万元",quote,[],未找到唯一来源，需手动关联事实,False,缺少指标语义词；需要来源确认,待人工标注,
000506_2023年年度报告更正后.pdf,48,24,1,"置入资产评估值为130,277.89 万元",quote,[],未找到唯一来源，需手动关联事实,True,需要来源确认,待人工标注,
000506_2023年年度报告更正后.pdf,48,25,0,"置入资产交易价格为66,149.44 万元",quote,[],未找到唯一来源，需手动关联事实,True,需要来源确认,待人工标注,
000506_2023年年度报告更正后.pdf,48,43,0,"基准日2022 年9 月30 日的净资产账面值15,577.36 万元",quote,[],未找到唯一来源，需手动关联事实,True,需要来源确认,待人工标注,
000506_2023年年度报告更正后.pdf,48,44,0,"为27,711.04 万元",quote,[],未找到唯一来源，需手动关联事实,False,缺少指标语义词；需要来源确认,待人工标注,
000506_2023年年度报告更正后.pdf,48,44,1,"评估增值12,133.68 万元",quote,[],未找到唯一来源，需手动关联事实,False,缺少指标语义词；需要来源确认,待人工标注,
000506_2023年年度报告更正后.pdf,53,4,0,比例达到80%,quote,[],未找到唯一来源，需手动关联事实,True,需要来源确认,待人工标注,
000506_2023年年度报告更正后.pdf,55,29,0,"合并资产负债表的流动负债余额为人民币90,699.22 万元",quote,[],未找到唯一来源，需手动关联事实,True,需要来源确认,待人工标注,
000506_2023年年度报告更正后.pdf,55,29,1,"流动资产余额为人民币22,940.17 万元",quote,[],未找到唯一来源，需手动关联事实,True,需要来源确认,待人工标注,
000506_2023年年度报告更正后.pdf,55,30,0,"债高于流动资产67,759.05 万元",quote,[],未找到唯一来源，需手动关联事实,True,需要来源确认,待人工标注,
000506_2023年年度报告更正后.pdf,55,30,1,"未分配利润金额为人民币-36,590.84 万元",quote,[],未找到唯一来源，需手动关联事实,True,需要来源确认,待人工标注,
000506_2023年年度报告更正后.pdf,78,24,0,"92,901.7761 万元",quote,[],未找到唯一来源，需手动关联事实,False,缺少指标语义词；需要来源确认,待人工标注,
000506_2023年年度报告更正后.pdf,79,3,0,"90,699.22 万元",quote,[],未找到唯一来源，需手动关联事实,False,缺少指标语义词；需要来源确认,待人工标注,
000506_2023年年度报告更正后.pdf,79,3,1,"流动资产余额为人民币22,940.17 万元",quote,[],未找到唯一来源，需手动关联事实,True,需要来源确认,待人工标注,
000506_2023年年度报告更正后.pdf,79,4,0,"67,759.05 万元",quote,[],未找到唯一来源，需手动关联事实,False,缺少指标语义词；需要来源确认,待人工标注,
000506_2023年年度报告更正后.pdf,79,4,1,"未分配利润金额为人民币-38,925.41 万元",quote,[],未找到唯一来源，需手动关联事实,True,需要来源确认,待人工标注,
000506_2023年年度报告更正后.pdf,79,8,0,"1、展期金融机构借款8,500.00 万元",quote,[],未找到唯一来源，需手动关联事实,False,缺少指标语义词；需要来源确认,待人工标注,
000506_2023年年度报告更正后.pdf,79,14,0,"公司已支付3,800 万元",quote,[],未找到唯一来源，需手动关联事实,False,缺少指标语义词；需要来源确认,待人工标注,
000506_2023年年度报告更正后.pdf,79,18,0,"2,500.00 万元",quote,[],未找到唯一来源，需手动关联事实,False,缺少指标语义词；需要来源确认,待人工标注,
000506_2023年年度报告更正后.pdf,79,18,1,"2023 年12 月31 日前还款3,700.00 万元",quote,[],未找到唯一来源，需手动关联事实,False,缺少指标语义词；需要来源确认,待人工标注,
000506_2023年年度报告更正后.pdf,79,19,0,"5,000.00 万元",quote,[],未找到唯一来源，需手动关联事实,False,缺少指标语义词；需要来源确认,待人工标注,
000506_2023年年度报告更正后.pdf,79,30,0,"76%股权转让款确定为32,300 万元",quote,[],未找到唯一来源，需手动关联事实,False,缺少指标语义词；需要来源确认,待人工标注,
000506_2023年年度报告更正后.pdf,79,30,1,"股权与债权转让款合计46,823.78 万元",quote,[],未找到唯一来源，需手动关联事实,False,缺少指标语义词；需要来源确认,待人工标注,
000506_2023年年度报告更正后.pdf,79,32,0,"年已收到股权转让款和债权转让款36,823.78 万元",quote,[],未找到唯一来源，需手动关联事实,False,缺少指标语义词；需要来源确认,待人工标注,
000506_2023年年度报告更正后.pdf,111,21,0,应税收入超过10 万元,threshold,[],未找到唯一来源，需手动关联事实,True,需要来源确认,待人工标注,
000506_2023年年度报告更正后.pdf,111,28,0,税率为3%,quote,[],未找到唯一来源，需手动关联事实,False,缺少指标语义词；需要来源确认,待人工标注,
000506_2023年年度报告更正后.pdf,127,17,0,"6,557,900.67 元",quote,[],未找到唯一来源，需手动关联事实,False,缺少指标语义词；需要来源确认,待人工标注,
000506_2023年年度报告更正后.pdf,140,29,0,"358.33 元合计196,663,358.33 元",quote,[],未找到唯一来源，需手动关联事实,False,缺少指标语义词；需要来源确认,待人工标注,
000506_2023年年度报告更正后.pdf,140,30,0,"2023 年9 月份之后计提利息金额为4,488,750.00 元",quote,[],未找到唯一来源，需手动关联事实,True,需要来源确认,待人工标注,
000506_2023年年度报告更正后.pdf,168,17,0,"置出资产评估值合计为69,907.16 万元",quote,[],未找到唯一来源，需手动关联事实,True,需要来源确认,待人工标注,
000506_2023年年度报告更正后.pdf,168,18,0,"评估值为130,277.89 万元",quote,[],未找到唯一来源，需手动关联事实,False,缺少指标语义词；需要来源确认,待人工标注,
000506_2023年年度报告更正后.pdf,168,18,1,"对应51%股权的评估值应为66,441.72 万元",quote,[],未找到唯一来源，需手动关联事实,False,缺少指标语义词；需要来源确认,待人工标注,
000506_2023年年度报告更正后.pdf,168,19,0,"置入资产交易价格为66,149.44 万元",quote,[],未找到唯一来源，需手动关联事实,True,需要来源确认,待人工标注,
000506_2023年年度报告更正后.pdf,169,24,0,"值15,577.36 万元",quote,[],未找到唯一来源，需手动关联事实,False,缺少指标语义词；需要来源确认,待人工标注,
000506_2023年年度报告更正后.pdf,169,25,0,"评估增值12,133.68 万元",quote,[],未找到唯一来源，需手动关联事实,False,缺少指标语义词；需要来源确认,待人工标注,
000506_2023年年度报告更正后.pdf,170,21,0,已逾期未归还非金融机构借款本金1.165 亿元,quote,[],未找到唯一来源，需手动关联事实,False,缺少指标语义词；需要来源确认,待人工标注,
000506_2023年年度报告更正后.pdf,170,22,0,崔炜借款本金1.02 亿元,quote,[],未找到唯一来源，需手动关联事实,False,缺少指标语义词；需要来源确认,待人工标注,
000506_2023年年度报告更正后.pdf,170,22,1,"刘家庆1,050.00 万元",quote,[],未找到唯一来源，需手动关联事实,False,缺少指标语义词；需要来源确认,待人工标注,
000506_2023年年度报告更正后.pdf,170,22,2,徐峰400.00 万元,quote,[],未找到唯一来源，需手动关联事实,False,缺少指标语义词；需要来源确认,待人工标注,
000506_2023年年度报告更正后.pdf,170,24,0,1.13 亿元,quote,[],未找到唯一来源，需手动关联事实,False,缺少指标语义词；需要来源确认,待人工标注,
000506_2023年年度报告更正后.pdf,170,30,0,"院通过谈话笔录形式确认尚需支付本金及利息合计15,000.00 万元",quote,[],未找到唯一来源，需手动关联事实,False,缺少指标语义词；需要来源确认,待人工标注,
000506_2023年年度报告更正后.pdf,170,31,0,"认的还款方案计划为：2021 年度偿还借款1,800.00 万元",quote,[],未找到唯一来源，需手动关联事实,False,缺少指标语义词；需要来源确认,待人工标注,
000506_2023年年度报告更正后.pdf,170,33,0,"4,500.00 万元",quote,[],未找到唯一来源，需手动关联事实,False,缺少指标语义词；需要来源确认,待人工标注,
000506_2023年年度报告更正后.pdf,170,34,0,"2023 年9 月30 日前偿还借款8,700.00 万元",quote,[],未找到唯一来源，需手动关联事实,False,缺少指标语义词；需要来源确认,待人工标注,
000506_2023年年度报告更正后.pdf,170,35,0,"公司已支付3,800 万元",quote,[],未找到唯一来源，需手动关联事实,False,缺少指标语义词；需要来源确认,待人工标注,
000506_2023年年度报告更正后.pdf,170,38,0,"元的归还期限变更为：2023 年8 月30 日前还款2,500.00 万元",quote,[],未找到唯一来源，需手动关联事实,False,缺少指标语义词；需要来源确认,待人工标注,
000506_2023年年度报告更正后.pdf,170,39,0,"前还款3,700.00 万元",quote,[],未找到唯一来源，需手动关联事实,False,缺少指标语义词；需要来源确认,待人工标注,
000506_2023年年度报告更正后.pdf,170,39,1,"2024 年3 月1 日前还款5,000.00 万元",quote,[],未找到唯一来源，需手动关联事实,False,缺少指标语义词；需要来源确认,待人工标注,
000506_2023年年度报告更正后.pdf,171,1,0,"公司已向法院归还借款3,800.00 万元",quote,[],未找到唯一来源，需手动关联事实,False,缺少指标语义词；需要来源确认,待人工标注,
000506_2023年年度报告更正后.pdf,171,4,0,但如果公司因为现金流紧张未按照时间约定归还1.5 亿元,quote,[],未找到唯一来源，需手动关联事实,True,需要来源确认,待人工标注,
000506_2023年年度报告更正后.pdf,171,24,0,股权处置价款3.23 亿元,quote,[],未找到唯一来源，需手动关联事实,False,缺少指标语义词；需要来源确认,待人工标注,
000506_2023年年度报告更正后.pdf,171,38,0,转让款2.23 亿元,quote,[],未找到唯一来源，需手动关联事实,False,缺少指标语义词；需要来源确认,待人工标注,
000506_2023年年度报告更正后.pdf,171,38,1,债权转让款1.45 亿元,quote,[],未找到唯一来源，需手动关联事实,False,缺少指标语义词；需要来源确认,待人工标注,
000506_2023年年度报告更正后.pdf,172,2,0,"1,091.26 万元",quote,[],未找到唯一来源，需手动关联事实,False,缺少指标语义词；需要来源确认,待人工标注,
000506_2023年年度报告更正后.pdf,172,2,1,其中包含应付账款931.64 万元,quote,[],未找到唯一来源，需手动关联事实,False,缺少指标语义词；需要来源确认,待人工标注,
000506_2023年年度报告更正后.pdf,172,2,2,离职补偿及过渡期费用159.62 万元,quote,[],未找到唯一来源，需手动关联事实,True,需要来源确认,待人工标注,
000506_2023年年度报告更正后.pdf,172,4,0,账面价值0 元的差额3.12 亿元,quote,[],未找到唯一来源，需手动关联事实,False,缺少指标语义词；需要来源确认,待人工标注,
000506_2023年年度报告更正后.pdf,172,7,0,亿元的差额4.02 亿元,quote,[],未找到唯一来源，需手动关联事实,False,缺少指标语义词；需要来源确认,待人工标注,
000506_2023年年度报告更正后.pdf,172,9,0,公司将收取的股权和债权对价合计为4.68 亿元,quote,[],未找到唯一来源，需手动关联事实,False,缺少指标语义词；需要来源确认,待人工标注,
000506_2023年年度报告更正后.pdf,172,12,0,"构批准之日起7 个工作日内支付人民币1,500 万元",quote,[],未找到唯一来源，需手动关联事实,False,缺少指标语义词；需要来源确认,待人工标注,
000506_2023年年度报告更正后.pdf,172,15,0,"100%股权质押至甲方名下之日起7 个工作日内支付人民币17,000 万元",quote,[],未找到唯一来源，需手动关联事实,False,缺少指标语义词；需要来源确认,待人工标注,
000506_2023年年度报告更正后.pdf,172,18,0,"人民币3,800 万元",quote,[],未找到唯一来源，需手动关联事实,False,缺少指标语义词；需要来源确认,待人工标注,
000506_2023年年度报告更正后.pdf,172,20,0,"币14,523.78 万元",quote,[],未找到唯一来源，需手动关联事实,False,缺少指标语义词；需要来源确认,待人工标注,
000506_2023年年度报告更正后.pdf,172,23,0,"10,000.00 万元",quote,[],未找到唯一来源，需手动关联事实,False,缺少指标语义词；需要来源确认,待人工标注,
000506_2023年年度报告更正后.pdf,172,24,0,"2022 年已收到股权转让款和债权转让款36,823.78 万元",quote,[],未找到唯一来源，需手动关联事实,False,缺少指标语义词；需要来源确认,待人工标注,
