threshold,margin,claims,accepted,correct,wrong,coverage,abstain_rate,precision_when_linked,error_association_rate,precision_wilson_low,precision_wilson_high,label_basis
-4.0,0.0,72,69,61,8,0.958333,0.041667,0.884058,0.111111,0.78754,0.940066,programmatic semantic rewrite; evaluation-only
-4.0,0.05,72,64,58,6,0.888889,0.111111,0.90625,0.083333,0.810169,0.956322,programmatic semantic rewrite; evaluation-only
-4.0,0.1,72,61,57,4,0.847222,0.152778,0.934426,0.055556,0.84317,0.974207,programmatic semantic rewrite; evaluation-only
-4.0,0.2,72,60,56,4,0.833333,0.166667,0.933333,0.055556,0.840744,0.973772,programmatic semantic rewrite; evaluation-only
-4.0,0.3,72,53,50,3,0.736111,0.263889,0.943396,0.041667,0.846296,0.980564,programmatic semantic rewrite; evaluation-only
-4.0,0.5,72,45,44,1,0.625,0.375,0.977778,0.013889,0.884331,0.996067,programmatic semantic rewrite; evaluation-only
-3.5,0.0,72,68,60,8,0.944444,0.055556,0.882353,0.111111,0.784649,0.939166,programmatic semantic rewrite; evaluation-only
-3.5,0.05,72,63,57,6,0.875,0.125,0.904762,0.083333,0.807381,0.955617,programmatic semantic rewrite; evaluation-only
-3.5,0.1,72,60,56,4,0.833333,0.166667,0.933333,0.055556,0.840744,0.973772,programmatic semantic rewrite; evaluation-only
-3.5,0.2,72,59,55,4,0.819444,0.180556,0.932203,0.055556,0.838243,0.973322,programmatic semantic rewrite; evaluation-only
-3.5,0.3,72,52,49,3,0.722222,0.277778,0.942308,0.041667,0.843572,0.980186,programmatic semantic rewrite; evaluation-only
-3.5,0.5,72,45,44,1,0.625,0.375,0.977778,0.013889,0.884331,0.996067,programmatic semantic rewrite; evaluation-only
-3.0,0.0,72,63,58,5,0.875,0.125,0.920635,0.069444,0.827295,0.965625,programmatic semantic rewrite; evaluation-only
-3.0,0.05,72,61,56,5,0.847222,0.152778,0.918033,0.069444,0.822051,0.964481,programmatic semantic rewrite; evaluation-only
-3.0,0.1,72,58,55,3,0.805556,0.194444,0.948276,0.041667,0.858604,0.982254,programmatic semantic rewrite; evaluation-only
-3.0,0.2,72,57,54,3,0.791667,0.208333,0.947368,0.041667,0.856302,0.98194,programmatic semantic rewrite; evaluation-only
-3.0,0.3,72,51,49,2,0.708333,0.291667,0.960784,0.027778,0.867835,0.989179,programmatic semantic rewrite; evaluation-only
-3.0,0.5,72,45,44,1,0.625,0.375,0.977778,0.013889,0.884331,0.996067,programmatic semantic rewrite; evaluation-only
-2.5,0.0,72,50,48,2,0.694444,0.305556,0.96,0.027778,0.865397,0.988961,programmatic semantic rewrite; evaluation-only
-2.5,0.05,72,49,47,2,0.680556,0.319444,0.959184,0.027778,0.862867,0.988735,programmatic semantic rewrite; evaluation-only
-2.5,0.1,72,48,46,2,0.666667,0.333333,0.958333,0.027778,0.860241,0.988498,programmatic semantic rewrite; evaluation-only
-2.5,0.2,72,47,45,2,0.652778,0.347222,0.957447,0.027778,0.857512,0.988252,programmatic semantic rewrite; evaluation-only
-2.5,0.3,72,45,44,1,0.625,0.375,0.977778,0.013889,0.884331,0.996067,programmatic semantic rewrite; evaluation-only
-2.5,0.5,72,41,41,0,0.569444,0.430556,1.0,0.0,0.91433,1.0,programmatic semantic rewrite; evaluation-only
-2.0,0.0,72,43,41,2,0.597222,0.402778,0.953488,0.027778,0.845442,0.987151,programmatic semantic rewrite; evaluation-only
-2.0,0.05,72,43,41,2,0.597222,0.402778,0.953488,0.027778,0.845442,0.987151,programmatic semantic rewrite; evaluation-only
-2.0,0.1,72,43,41,2,0.597222,0.402778,0.953488,0.027778,0.845442,0.987151,programmatic semantic rewrite; evaluation-only
-2.0,0.2,72,42,40,2,0.583333,0.416667,0.952381,0.027778,0.842099,0.986843,programmatic semantic rewrite; evaluation-only
-2.0,0.3,72,40,39,1,0.555556,0.444444,0.975,0.013889,0.871183,0.995573,programmatic semantic rewrite; evaluation-only
-2.0,0.5,72,37,37,0,0.513889,0.486111,1.0,0.0,0.905939,1.0,programmatic semantic rewrite; evaluation-only
-1.5,0.0,72,31,31,0,0.430556,0.569444,1.0,0.0,0.889741,1.0,programmatic semantic rewrite; evaluation-only
-1.5,0.05,72,31,31,0,0.430556,0.569444,1.0,0.0,0.889741,1.0,programmatic semantic rewrite; evaluation-only
-1.5,0.1,72,31,31,0,0.430556,0.569444,1.0,0.0,0.889741,1.0,programmatic semantic rewrite; evaluation-only
-1.5,0.2,72,30,30,0,0.416667,0.583333,1.0,0.0,0.886483,1.0,programmatic semantic rewrite; evaluation-only
-1.5,0.3,72,30,30,0,0.416667,0.583333,1.0,0.0,0.886483,1.0,programmatic semantic rewrite; evaluation-only
-1.5,0.5,72,30,30,0,0.416667,0.583333,1.0,0.0,0.886483,1.0,programmatic semantic rewrite; evaluation-only
-1.0,0.0,72,21,21,0,0.291667,0.708333,1.0,0.0,0.845356,1.0,programmatic semantic rewrite; evaluation-only
-1.0,0.05,72,21,21,0,0.291667,0.708333,1.0,0.0,0.845356,1.0,programmatic semantic rewrite; evaluation-only
-1.0,0.1,72,21,21,0,0.291667,0.708333,1.0,0.0,0.845356,1.0,programmatic semantic rewrite; evaluation-only
-1.0,0.2,72,20,20,0,0.277778,0.722222,1.0,0.0,0.83887,1.0,programmatic semantic rewrite; evaluation-only
-1.0,0.3,72,20,20,0,0.277778,0.722222,1.0,0.0,0.83887,1.0,programmatic semantic rewrite; evaluation-only
-1.0,0.5,72,20,20,0,0.277778,0.722222,1.0,0.0,0.83887,1.0,programmatic semantic rewrite; evaluation-only
